"id","nombre y apellido","edad","fecha_nacimiento","altura","peso","fecha_carga"
"1","María Gómez","18","12/07/2006","1.45","85.7","2020-05-10 01:05:05"
"2","María Fernández","64","14/11/1960","1.76","83.6","2023-02-13 00:14:11"
"3","Pedro Sánchez","54","11/07/1970","1.57","50.1","2022-12-19 01:34:55"
"4","Miguel Torres","74","14/03/1951","1.55","79.6","2022-02-26 02:31:56"
"5","Juan Fernández","15","09/05/2009","1.83","65.9","2021-10-28 13:28:40"
"6","Ana Fernández","26","15/02/2000","1.7","54.4","2024-04-03 09:49:42"
"7","José Fernández","23","02/06/2001","1.42","62.3","2023-07-12 07:44:29"
"8","Miguel Sánchez","28","02/09/1997","1.77","74.6","2024-06-23 13:10:47"
"9","Lucía López","39","17/09/1985","1.48","53.8","2024-04-25 13:53:39"
"10","Laura García","39","21/06/1987","1.41","84.6","2022-12-28 23:20:12"
"11","Ana Pérez","59","01/05/1966","2.24","59.5","2021-03-11 22:45:59"
"12","Carlos Torres","31","19/08/1994","vacio","87.8","2023-08-20 17:47:22"
"13","Juan Pérez","53","25/07/1972","1.52","76.2","2020-10-10 19:23:42"
"14","Pedro López","27","10/03/1999","1.66","78.4","2022-04-03 11:20:57"
"15","Sofía Martínez","46","21/04/1979","1.51","63.6","2022-06-21 00:15:42"
"16","María Gómez","4","15/07/1960","1.44","58.1","2021-06-25 20:47:27"
"17","Laura García","64","19/10/1961","1.45","68.7","2020-08-09 23:47:29"
"18","María Gómez","48","14/02/1976","1.5","69.7","2022-10-20 02:44:40"
"19","Miguel Torres","69","13/10/1948","1.88","96.0","2025-06-12 17:31:32"
"20","Lucía Sánchez","79","05/04/1945","1.53","88.1","2025-06-16 05:38:09"
"21","Lucía Rodríguez","67","13/07/1959","1.43","62.2","2021-10-06 02:04:15"
"22","José Pérez","8","02/09/1956","1.52","51.6","2020-06-11 22:33:03"
"23","María Sánchez","28","22/12/1998","1.53","81.8","2021-06-20 23:30:07"
"24","Carlos García","56","13/05/1968","1.96","99.8","2022-12-22 04:49:21"
"25","Ana Pérez","63","30/11/1961","1.67","61.6","2020-02-02 20:11:32"
"26","Carlos Pérez","72","18/01/1952","1.48","60.5","2022-12-17 18:24:04"
"27","Miguel Rodríguez","54","22/07/1944","1.42","63.3","2021-10-23 16:05:12"
"28","José Sánchez","0","27/04/1990","1.75","53.2","2021-08-29 15:38:53"
"29","Pedro Gómez","57","28/08/1967","1.51","58.7","2024-07-22 22:35:51"
"30","Pedro Fernández","70","30/07/1954","1.41","85.5","2022-10-13 09:42:50"
"31","Pedro Pérez","51","27/04/1974","1.81","70.3","2022-07-21 08:06:59"
"32","Juan Fernández","49","30/09/1975","1.54","80.3","2023-09-18 01:00:17"
"33","María Rodríguez","69","08/01/1956","2.5","85.1","2025-09-25 04:12:37"
"34","Sofía Romero","69","19/01/1957","1.66","89.4","2022-03-18 13:15:39"
"35","Sofía Pérez","27","04/08/1999","1.82","84.6","2024-07-30 11:52:33"
"36","Sofía Rodríguez","36","26/09/1989","1.59","86.1","2024-07-21 19:56:59"
"37","Juan Rodríguez","61","27/09/1965","1.56","69.3","2021-11-26 23:59:16"
"38","María Rodríguez","40","30/03/1986","1.81","86.3","2022-03-26 05:21:53"
"39","Juan Gómez","65","19/12/1961","1.44","67.8","2024-04-21 17:59:59"
"40","Sofía Fernández","71","28/03/1953","1.83","93.7","2025-03-17 01:49:42"
"41","José Fernández","75","20/11/1950","1.89","77.7","2025-08-29 15:32:13"
"42","José García","71","12/04/1954","1.78","91.2","2025-06-07 22:49:09"
"43","Lucía Rodríguez","36","18/06/1979","1.57","94.1","2024-04-17 05:33:48"
"44","Lucía Pérez","49","21/03/1977","1.43","90.8","2020-03-21 20:57:36"
"45","Sofía García","85","12/07/1940","1.83","97.4","2022-06-22 17:46:33"
"46","Lucía Rodríguez","46","06/02/1979","1.74","67.2","2021-06-06 22:39:20"
"47","José Gómez","51","08/05/1975","0.3","92.7","2023-09-02 07:42:22"
"48","Miguel Martínez","55","12/04/1970","1.88","68.2","2020-08-01 12:44:30"
"49","Lucía Pérez","0","01/02/2010","1.87","56.0","2021-06-01 17:14:30"
"50","María Romero","66","22/07/1959","1.48","78.4","2021-11-01 11:19:28"
"51","María Romero","84","21/04/1942","1.88","66.8","2022-09-21 03:42:36"
"52","Carlos Romero","76","10/11/1950","1.57","68.6","2023-10-29 00:27:38"
"53","Sofía García","76","20/06/1949","1.81","83.9","2023-01-11 22:25:28"
"54","José García","45","14/09/1981","1.56","58.5","2025-01-20 08:52:43"
"55","Miguel Romero","31","03/10/1994","0.3","71.8","2023-02-19 21:42:19"
"56","Carlos Torres","84","28/11/1940","1.76","71.9","2025-07-03 16:19:03"
"57","Juan Pérez","60","25/05/1966","1.73","65.3","2023-09-16 12:48:32"
"58","Miguel Rodríguez","57","05/07/1967","1.56","85.9","2022-02-23 07:52:41"
"59","Miguel Rodríguez","21","02/01/2005","1.89","90.8","2023-05-23 00:30:54"
"60","José López","6","10/08/1964","1.75","51.9","2020-02-20 20:54:03"
"61","Carlos García","42","12/12/1982","1.53","92.4","2025-07-07 02:41:50"
"62","Laura Gómez","73","11/08/1953","1.44","58.7","2022-07-13 19:01:34"
"63","Sofía García","47","20/09/1979","1.55","79.2","2022-05-01 22:46:27"
"64","Lucía Rodríguez","30","01/04/1999","1.44","45.1","2023-04-07 01:11:18"
"65","Lucía Rodríguez","22","04/06/2003","1.52","59.6","2022-03-21 15:28:43"
"66","María Torres","65","02/03/1960","1.44","54.1","2023-03-28 15:59:20"
"67","María García","24","13/10/2001","vacio","72.2","2024-11-04 11:44:07"
"68","Laura Rodríguez","86","27/04/1942","1.69","97.3","2023-01-08 20:58:49"
"69","Juan López","43","18/03/1982","1.49","77.2","2021-01-08 17:06:45"
"70","Ana Sánchez","55","25/11/1969","1.56","83.2","2020-05-30 16:33:34"
"71","María Martínez","63","23/08/1962","1.81","45.1","2020-08-10 06:49:46"
"72","José Martínez","31","10/11/1995","1.43","59.7","2025-06-08 04:25:15"
"73","Juan Romero","64","20/06/1961","1.68","50.1","2025-03-05 04:16:36"
"74","Pedro García","22","15/04/2004","1.82","98.9","2024-04-20 06:56:23"
"75","Laura Torres","18","14/12/2006","1.8","67.8","2020-01-11 10:17:52"
"76","Carlos Romero","33","10/01/1992","1.62","71.6","2024-03-25 16:34:42"
"77","Ana Fernández","23","29/07/2002","1.79","47.4","2024-04-10 14:03:24"
"78","Pedro García","83","28/04/1943","1.45","91.5","2020-03-03 05:14:54"
"79","Sofía López","79","17/09/1946","1.75","80.7","2024-04-05 11:31:45"
"80","Miguel Torres","81","22/03/1943","1.86","99.9","2021-02-07 23:04:26"
"81","María García","70","04/12/1954","2.5","64.7","2024-08-14 20:36:17"
"82","Pedro López","111","15/09/1955","1.74","72.4","2022-11-06 16:43:56"
"83","Carlos Gómez","45","27/09/1981","1.44","97.0","2024-10-03 09:06:20"
"84","Miguel Rodríguez","68","14/11/1957","1.59","64.7","2020-03-30 23:57:55"
"85","Sofía Rodríguez","86","22/09/1940","1.89","95.1","2023-03-18 08:22:42"
"86","Laura Martínez","67","25/08/1959","1.78","87.2","2021-02-01 22:50:42"
"87","Juan Rodríguez","16","01/10/2010","1.47","95.0","2022-04-02 04:48:42"
"88","José Martínez","38","16/08/1987","1.53","90.4","2023-10-19 04:11:35"
"89","Miguel Pérez","72","17/08/1952","1.76","98.9","2024-02-07 03:17:16"
"90","Sofía Gómez","62","22/09/1963","1.77","59.4","2024-03-01 03:56:41"
"91","Lucía García","84","31/03/1942","1.71","80.6","2023-05-22 23:38:17"
"92","Sofía Pérez","4","16/07/1952","1.65","50.3","2025-02-01 13:30:29"
"93","José Sánchez","32","09/09/1992","1.73","90.9","2023-02-19 01:11:28"
"94","Ana Fernández","45","11/10/1979","1.45","82.7","2024-01-09 02:12:16"
"95","Sofía Rodríguez","68","10/01/1957","1.51","80.2","2023-09-28 08:52:05"
"96","Pedro Romero","97","30/05/1958","1.69","89.7","2020-01-12 10:05:42"
"97","Pedro López","36","18/06/1988","1.83","52.2","2023-08-19 00:34:28"
"98","Pedro Rodríguez","81","13/09/1944","1.77","71.2","2021-03-22 16:27:25"
"99","José Fernández","100","08/03/1995","vacio","61.6","2025-05-15 14:37:20"
"100","Sofía Pérez","42","26/12/1983","1.44","78.5","2023-08-24 13:52:05"
"101","Laura Torres","60","16/06/1966","1.8","51.3","2022-05-30 15:39:30"
"102","Miguel Fernández","48","14/02/1977","1.76","62.2","2021-09-17 17:16:03"
"103","María Pérez","12","29/08/1947","1.59","52.2","2023-09-12 04:27:01"
"104","Sofía Martínez","26","09/09/1999","1.76","98.3","2025-09-09 07:44:44"
"105","Pedro García","65","13/02/1960","1.58","86.9","2020-04-17 22:10:22"
"106","Carlos Gómez","69","08/03/1956","1.58","55.0","2020-10-12 05:09:55"
"107","Juan Pérez","19","08/12/2006","1.57","65.4","2020-12-13 01:54:55"
"108","Pedro López","19","07/09/2007","1.62","68.3","2022-06-01 18:39:14"
"109","María Martínez","0","27/07/1978","1.64","81.7","2020-08-12 00:16:47"
"110","Lucía Rodríguez","67","13/12/1958","1.46","72.4","2022-07-31 18:12:50"
"111","José Martínez","80","19/06/1946","0.3","92.4","2024-09-06 10:32:27"
"112","María Sánchez","83","14/11/1941","1.71","90.8","2021-03-09 08:51:31"
"113","Sofía Romero","50","04/12/1975","1.77","57.2","2021-04-12 19:19:07"
"114","José Fernández","17","21/08/2009","1.72","53.1","2021-12-11 21:55:57"
"115","Pedro Pérez","71","22/11/1955","1.78","86.8","2023-08-16 22:50:10"
"116","Ana López","56","15/06/1979","1.8","77.5","2025-03-06 16:27:13"
"117","Juan Gómez","51","29/01/1973","1.89","50.0","2020-06-17 16:22:27"
"118","Laura Fernández","58","04/11/1968","1.43","50.7","2020-12-11 18:22:12"
"119","Pedro Gómez","63","24/03/1962","1.7","65.0","2023-10-17 21:46:06"
"120","Juan Martínez","81","29/11/1945","1.54","84.8","2021-09-07 12:08:14"
"121","María Romero","26","15/07/1999","1.73","81.4","2020-12-13 11:16:17"
"122","José Sánchez","27","23/09/1997","1.81","85.6","2024-09-30 18:30:48"
"123","Ana Gómez","52","12/07/1972","1.78","55.6","2023-04-26 03:40:56"
"124","José Torres","18","07/04/2006","1.84","79.0","2022-01-10 22:44:45"
"125","Pedro García","83","02/12/1943","1.88","78.6","2022-08-16 19:26:33"
"126","Lucía Rodríguez","14","15/05/2010","1.87","99.1","2024-04-13 18:18:36"
"127","José Sánchez","72","16/07/1954","1.53","80.3","2021-02-24 18:47:01"
"128","María Rodríguez","78","11/07/1947","1.66","90.7","2025-01-21 12:43:40"
"129","Juan Sánchez","0","11/10/1944","1.9","65.6","2023-10-05 05:19:02"
"130","Pedro Gómez","60","26/09/1965","vacio","83.8","2020-11-20 00:41:30"
"131","Carlos Fernández","73","31/05/1953","1.61","87.7","2022-09-03 15:17:07"
"132","Laura García","80","20/08/1945","1.41","73.3","2024-10-24 00:03:25"
"133","Laura Martínez","63","31/07/1961","1.44","98.6","2025-09-09 18:28:55"
"134","José Gómez","0","11/01/1975","1.89","59.0","2023-11-13 08:46:44"
"135","María Romero","19","15/12/2005","1.75","54.6","2025-05-14 23:00:02"
"136","Pedro López","80","29/08/1945","0.3","93.7","2024-06-19 19:46:16"
"137","Miguel Rodríguez","81","14/04/1943","1.83","47.6","2024-02-16 15:54:32"
"138","Sofía García","50","08/09/1974","1.65","95.8","2024-10-04 02:52:25"
"139","Sofía Romero","69","10/03/1956","1.56","61.3","2021-11-13 16:09:43"
"140","Ana García","82","19/10/1943","1.62","80.2","2024-07-21 13:13:39"
"141","José López","84","17/10/1942","1.62","51.9","2024-01-23 13:56:21"
"142","Laura Gómez","31","14/04/1994","1.59","87.0","2024-06-18 11:26:47"
"143","Carlos Fernández","23","06/03/1950","1.59","75.9","2025-01-01 07:48:44"
"144","Laura Rodríguez","23","05/04/2002","1.47","49.1","2020-12-25 11:38:09"
"145","Ana Pérez","36","05/05/1989","1.76","96.0","2025-09-14 08:09:51"
"146","María Fernández","73","16/06/1952","2.5","70.7","2020-12-19 02:23:37"
"147","Carlos Sánchez","22","26/04/2004","1.6","76.6","2020-10-30 16:22:59"
"148","Miguel Torres","56","28/11/1970","1.49","98.1","2020-08-14 04:31:14"
"149","José López","58","14/04/1967","1.51","97.1","2020-11-19 09:07:27"
"150","Lucía Torres","61","15/08/1964","1.45","80.3","2021-12-02 23:59:01"
"151","Laura Romero","56","16/04/1970","0.3","47.5","2022-05-13 20:49:51"
"152","Sofía Romero","113","29/04/1997","1.54","97.6","2024-07-21 10:49:45"
"153","Miguel Pérez","56","11/10/2001","1.63","63.7","2023-07-31 12:34:28"
"154","Sofía López","18","29/03/2008","1.52","51.7","2020-07-26 10:33:58"
"155","Sofía Romero","47","06/07/1977","1.87","84.7","2025-03-27 18:09:33"
"156","Carlos García","50","29/01/1942","1.88","56.8","2025-07-20 21:45:17"
"157","Miguel Rodríguez","13","24/02/1988","1.84","85.0","2024-06-28 01:51:45"
"158","Laura Torres","68","18/06/1957","1.65","87.0","2021-05-01 04:41:04"
"159","María Sánchez","52","24/06/1973","1.58","52.9","2020-06-13 01:38:58"
"160","Juan López","21","07/01/2004","1.47","94.1","2023-07-28 05:54:59"
"161","Sofía Romero","20","30/04/2006","1.81","74.3","2020-03-09 13:24:41"
"162","Ana Pérez","49","15/05/1977","1.71","77.8","2022-07-21 01:52:11"
"163","Laura García","71","19/04/1955","vacio","53.1","2021-03-26 06:56:46"
"164","Juan García","57","22/02/1968","1.61","87.6","2020-09-12 05:01:38"
"165","José Fernández","36","27/04/1990","1.59","97.6","2023-12-22 23:25:19"
"166","Carlos Romero","41","09/06/1983","1.55","96.8","2022-04-29 17:48:14"
"167","Ana García","55","17/04/1971","1.46","82.2","2023-11-14 05:19:58"
"168","Carlos Gómez","59","21/10/1965","1.62","59.1","2023-01-15 20:27:44"
"169","Carlos López","77","19/10/1949","1.43","94.8","2021-02-14 15:02:52"
"170","Ana García","75","07/01/1949","0.3","67.4","2025-05-09 23:41:07"
"171","Lucía Rodríguez","56","24/10/1968","1.44","76.6","2020-06-01 06:22:26"
"172","Sofía López","82","05/04/1943","1.49","86.2","2020-06-02 00:20:14"
"173","Carlos Romero","31","28/01/1994","1.89","74.9","2025-08-27 17:02:24"
"174","Carlos Fernández","76","08/02/1950","1.53","55.2","2022-03-02 06:23:22"
"175","Laura Sánchez","46","15/05/1978","1.45","99.0","2020-01-28 09:29:41"
"176","Sofía Fernández","45","29/01/1980","1.76","45.6","2020-09-11 04:18:15"
"177","Miguel Rodríguez","72","30/04/1954","1.84","87.3","2023-04-23 13:22:54"
"178","Laura Fernández","66","29/08/1959","1.77","78.3","2025-04-12 19:34:13"
"179","Lucía Fernández","23","13/01/2001","1.66","64.9","2025-09-01 07:21:37"
"180","Laura Torres","73","11/06/1953","1.74","84.4","2024-12-29 02:01:32"
"181","Miguel López","40","17/01/1986","1.63","89.4","2020-01-13 07:56:00"
"182","Laura Pérez","82","24/01/1944","1.9","96.4","2020-05-09 10:27:09"
"183","Sofía López","18","26/12/2008","1.72","68.1","2024-03-26 13:40:36"
"184","María Torres","74","06/12/1951","1.9","66.6","2020-01-15 00:49:39"
"185","Carlos García","25","03/06/2000","1.81","58.6","2021-04-07 01:10:22"
"186","Sofía Romero","16","22/09/2008","1.43","77.7","2020-07-18 08:54:37"
"187","Juan Sánchez","45","19/05/1979","1.79","52.7","2023-07-30 21:01:30"
"188","Laura Martínez","63","02/04/1961","1.66","67.7","2021-12-18 22:47:30"
"189","Sofía Torres","44","18/06/1984","1.74","88.2","2021-09-03 10:55:06"
"190","Sofía López","17","06/09/2007","1.55","83.9","2024-08-17 15:09:52"
"191","José Torres","73","11/01/1952","1.72","95.7","2022-02-19 01:52:35"
"192","Carlos Sánchez","24","08/06/2000","1.49","86.9","2025-05-17 07:36:19"
"193","Ana Rodríguez","83","17/05/1941","1.46","100.0","2022-04-17 14:26:27"
"194","Lucía Torres","57","07/11/1968","1.72","62.0","2025-03-23 03:35:24"
"195","Miguel Martínez","67","23/03/1958","2.63","53.0","2024-09-06 10:44:51"
"196","Pedro Fernández","57","05/08/1969","1.65","81.0","2025-06-24 23:21:48"
"197","Miguel García","70","03/02/1955","1.76","71.9","2020-08-28 19:04:34"
"198","Juan Pérez","0","13/12/1999","vacio","57.7","2025-09-02 16:36:10"
"199","Ana Gómez","31","06/06/1995","1.73","45.9","2020-03-09 19:16:31"
"200","Carlos Torres","104","20/09/1965","1.62","96.7","2021-09-01 08:46:24"
"201","Lucía Romero","38","25/03/1987","1.6","65.5","2022-07-14 10:55:18"
"202","María Gómez","77","21/05/1948","1.43","45.5","2024-11-12 23:28:49"
"203","Ana Romero","76","21/07/1948","1.85","83.1","2020-10-31 10:12:29"
"204","José Romero","118","15/01/1999","1.41","56.4","2024-06-19 02:48:04"
"205","Carlos López","35","05/08/1990","1.67","66.1","2020-11-17 18:13:59"
"206","Ana Gómez","76","05/10/1948","1.78","97.5","2020-05-01 23:05:15"
"207","Carlos García","42","06/01/1984","1.62","82.4","2023-04-24 08:58:22"
"208","María Pérez","62","15/01/1964","1.48","66.4","2023-06-16 16:11:32"
"209","Ana Rodríguez","75","03/03/1949","1.68","73.2","2021-01-16 21:44:00"
"210","Laura Martínez","52","24/07/1974","1.44","94.6","2021-11-25 13:51:43"
"211","Pedro López","61","15/02/1964","1.48","60.2","2024-01-19 09:09:50"
"212","Lucía García","32","09/04/1993","1.55","97.2","2023-09-11 16:01:40"
"213","Ana Sánchez","26","29/05/1998","1.7","83.2","2024-06-19 11:37:10"
"214","Carlos García","34","31/08/1991","1.81","66.6","2022-01-06 20:01:42"
"215","Juan García","22","20/07/2003","1.43","91.6","2021-07-24 23:03:32"
"216","Carlos Fernández","64","01/09/1962","1.59","69.7","2025-09-06 15:13:47"
"217","José Gómez","16","09/12/2010","1.67","80.1","2023-12-25 06:03:22"
"218","Laura Gómez","36","12/07/1990","1.88","63.2","2021-02-07 09:25:13"
"219","Lucía Torres","19","01/01/2007","1.51","65.6","2025-08-11 05:29:18"
"220","Ana Gómez","42","24/04/1983","1.44","90.7","2023-11-06 16:34:41"
"221","Lucía Torres","41","29/04/1983","1.75","62.5","2021-04-16 00:49:20"
"222","Ana Pérez","26","30/09/2000","1.49","53.8","2022-08-07 14:44:50"
"223","Pedro López","28","17/06/1997","vacio","69.7","2022-05-29 07:29:32"
"224","Carlos Pérez","35","18/10/1991","1.56","70.2","2023-07-07 21:44:06"
"225","Sofía Romero","50","20/03/1975","1.63","54.5","2020-12-13 04:52:36"
"226","Ana Pérez","63","27/05/1961","1.47","66.4","2024-09-28 06:45:47"
"227","Miguel Torres","22","18/03/2002","1.64","52.7","2020-08-07 13:04:19"
"228","Juan García","73","31/03/1952","1.65","72.2","2024-12-23 17:47:34"
"229","Pedro Pérez","97","21/09/1990","1.42","57.4","2025-07-21 20:00:53"
"230","José Pérez","0","19/05/1991","1.58","90.2","2022-06-14 15:28:45"
"231","María Fernández","58","16/09/1966","1.57","89.9","2022-08-28 07:38:29"
"232","Laura Martínez","22","06/10/2003","1.47","56.4","2023-12-07 19:22:47"
"233","Carlos Romero","38","02/05/1988","1.69","97.4","2021-01-25 04:56:11"
"234","Sofía Gómez","60","17/11/1964","1.47","53.0","2024-05-27 17:49:14"
"235","Pedro Romero","29","25/09/1996","1.44","88.7","2023-02-13 13:26:14"
"236","Miguel García","57","12/05/1969","1.89","79.9","2024-06-17 07:55:51"
"237","Sofía Fernández","41","19/05/1984","1.69","76.1","2020-07-17 01:40:21"
"238","María García","83","17/06/1941","1.4","97.7","2021-06-24 23:39:56"
"239","Carlos López","46","01/08/1964","1.59","94.7","2023-06-05 08:31:29"
"240","Sofía Pérez","27","17/02/2003","vacio","57.4","2023-11-08 04:23:26"
"241","Sofía López","49","09/11/1982","1.8","50.7","2024-04-16 04:50:51"
"242","Pedro Pérez","39","05/08/1987","1.62","84.7","2024-08-13 22:25:50"
"243","Miguel Fernández","77","11/10/1947","1.69","66.1","2021-07-26 09:01:17"
"244","Carlos Pérez","0","06/04/1962","1.54","96.8","2023-05-20 07:28:48"
"245","José Romero","40","17/09/1985","1.43","94.4","2021-04-06 08:46:39"
"246","Miguel Romero","78","15/05/1946","1.87","52.3","2024-02-05 19:53:32"
"247","Pedro García","75","10/02/2009","1.53","47.2","2025-09-06 10:25:50"
"248","José Sánchez","47","31/12/1977","1.67","53.4","2022-04-12 05:39:25"
"249","José Martínez","51","20/01/1975","1.43","83.4","2020-08-25 08:54:04"
"250","María Sánchez","76","28/05/1950","vacio","81.2","2021-07-16 00:24:47"
"251","Pedro García","55","07/02/1971","1.59","86.2","2021-04-28 01:04:07"
"252","Ana Sánchez","61","26/05/1964","1.69","49.2","2025-08-08 20:38:22"
"253","Pedro Martínez","70","10/02/1954","vacio","51.3","2020-02-20 08:54:13"
"254","Juan García","52","26/08/1972","1.88","46.9","2024-09-13 08:10:27"
"255","Ana Fernández","48","05/05/1977","1.44","65.5","2022-01-04 08:07:33"
"256","José Gómez","59","20/12/1975","1.79","62.1","2024-02-20 07:18:22"
"257","Carlos Romero","16","19/05/2010","1.58","98.5","2022-10-01 05:28:55"
"258","Juan Sánchez","83","22/02/1942","1.75","45.5","2024-03-21 11:11:46"
"259","María Fernández","38","13/07/1987","1.43","99.8","2022-08-06 18:55:25"
"260","Sofía Martínez","43","16/02/1981","1.65","80.0","2020-09-12 15:50:14"
"261","Pedro Fernández","59","02/03/1966","1.6","90.8","2022-08-14 02:43:09"
"262","Lucía López","15","20/12/2009","1.48","70.6","2022-04-30 16:27:13"
"263","Carlos García","61","10/10/1963","vacio","90.5","2023-09-04 05:24:01"
"264","María Fernández","0","30/11/1971","1.53","99.5","2025-01-26 20:14:29"
"265","José Fernández","76","30/06/1948","1.43","88.0","2024-06-28 13:33:10"
"266","María Romero","32","31/07/1992","0.43","69.4","2023-09-20 04:27:39"
"267","Juan García","82","17/07/1944","1.76","72.3","2023-12-20 07:49:03"
"268","Pedro Rodríguez","59","08/02/1965","0.3","80.6","2025-05-16 02:13:12"
"269","María Rodríguez","50","12/05/1974","1.8","58.7","2020-03-20 13:55:34"
"270","Ana García","37","06/11/1988","1.65","66.4","2022-06-16 01:04:00"
"271","Carlos Gómez","44","26/04/1982","1.89","50.5","2020-08-17 07:59:18"
"272","Laura Sánchez","53","31/10/1971","1.7","89.3","2020-04-25 12:48:15"
"273","Laura Romero","72","30/09/1952","1.81","98.4","2020-06-04 03:17:10"
"274","Juan Fernández","33","23/12/1993","1.57","78.8","2021-12-27 11:46:53"
"275","Juan Gómez","71","02/04/1953","1.82","92.3","2024-06-08 21:20:10"
"276","María Martínez","57","27/01/1967","1.62","80.2","2024-01-01 08:07:40"
"277","Laura López","53","11/12/1973","1.49","45.1","2020-05-12 06:37:45"
"278","Laura Martínez","32","06/11/1994","1.65","63.2","2023-08-01 06:06:45"
"279","María Martínez","26","26/01/1980","vacio","59.1","2024-04-29 15:57:18"
"280","Sofía López","48","21/02/1977","1.59","90.6","2022-07-12 05:55:19"
"281","Miguel Pérez","83","30/12/1942","1.45","63.8","2020-11-03 19:55:02"
"282","María Martínez","32","17/04/1993","1.62","80.9","2020-08-07 03:41:12"
"283","Ana Fernández","69","16/01/1957","1.76","59.6","2020-07-22 14:18:18"
"284","Laura Torres","41","17/01/1984","0.49","79.4","2022-04-27 06:13:11"
"285","Carlos Pérez","43","26/06/1982","1.64","94.2","2024-05-06 06:43:52"
"286","Ana Sánchez","51","20/02/1973","1.63","57.4","2021-01-31 03:07:13"
"287","Ana Torres","49","20/02/1977","1.43","66.3","2025-04-28 20:51:06"
"288","Lucía García","115","23/10/1966","1.42","76.4","2021-08-26 04:22:45"
"289","Miguel López","70","30/12/1954","1.61","99.4","2021-08-28 21:39:54"
"290","Carlos Martínez","19","25/03/2005","1.68","75.4","2020-02-20 22:41:05"
"291","Laura Torres","15","16/02/2010","1.68","77.0","2021-03-08 20:29:12"
"292","María Rodríguez","37","20/01/1988","1.73","76.5","2024-07-08 05:14:15"
"293","Laura Romero","0","28/01/2001","1.84","83.0","2023-01-05 13:33:36"
"294","Juan Martínez","58","10/03/1967","1.74","98.5","2024-12-19 11:40:56"
"295","Carlos Sánchez","30","10/04/1994","1.86","67.4","2024-03-11 02:02:47"
"296","José López","81","20/11/1945","1.79","73.8","2022-04-02 02:05:53"
"297","Lucía Gómez","46","12/12/1980","1.54","90.3","2021-05-22 01:06:45"
"298","Lucía Martínez","41","07/11/1983","1.64","75.3","2022-11-25 03:17:27"
"299","Carlos Gómez","109","05/09/1974","1.88","92.1","2023-01-07 23:43:24"
"300","Sofía Torres","85","19/10/1941","2.76","54.5","2023-06-05 23:24:05"
"301","Carlos Sánchez","52","10/10/1973","1.63","82.2","2021-02-23 00:16:03"
"302","José Martínez","36","15/05/1990","1.74","71.5","2023-08-24 10:04:51"
"303","Carlos Rodríguez","68","24/11/1956","1.8","89.1","2021-07-27 00:55:36"
"304","Miguel Rodríguez","62","10/04/1963","1.42","83.9","2022-06-29 19:27:55"
"305","Miguel Martínez","39","06/07/1985","1.84","55.0","2022-11-25 20:21:13"
"306","Pedro Martínez","45","17/09/1998","1.84","68.1","2023-04-19 16:53:06"
"307","María García","82","24/10/1944","1.71","71.0","2024-04-12 19:17:26"
"308","Carlos Sánchez","80","06/11/1944","1.5","67.5","2025-02-17 05:12:52"
"309","Ana López","0","18/11/2009","1.49","79.9","2021-11-21 20:58:54"
"310","Pedro García","14","11/06/2010","1.62","68.6","2020-01-20 01:22:24"
"311","José Fernández","0","20/07/2005","vacio","74.2","2022-10-16 08:14:17"
"312","Ana Rodríguez","75","26/07/1951","1.48","90.3","2023-10-15 15:47:21"
"313","Pedro Martínez","0","23/12/1983","1.85","89.7","2021-06-21 07:41:21"
"314","Juan Romero","40","09/04/1985","1.8","65.6","2020-07-18 21:37:26"
"315","Juan Pérez","26","20/08/1998","1.61","65.9","2021-09-19 07:28:54"
"316","Juan Rodríguez","49","04/10/1977","1.71","83.5","2025-09-26 22:29:22"
"317","María Rodríguez","75","24/03/1950","1.5","59.5","2024-08-05 10:45:12"
"318","Pedro Gómez","0","05/03/1989","1.64","57.9","2021-03-28 20:54:15"
"319","Miguel López","76","30/01/1948","1.45","59.1","2023-04-27 09:36:59"
"320","Miguel Gómez","76","14/12/1948","1.58","82.2","2020-07-06 00:21:07"
"321","Pedro López","56","26/06/1969","1.53","85.3","2021-04-11 14:35:30"
"322","Sofía García","62","21/05/1964","1.8","80.7","2020-08-28 05:48:12"
"323","María Sánchez","34","30/12/1992","vacio","65.9","2021-06-19 17:35:18"
"324","Miguel Pérez","48","23/11/1976","1.56","83.8","2022-07-06 12:19:01"
"325","José Torres","23","29/09/2001","1.76","71.5","2021-08-31 20:19:43"
"326","Laura Gómez","83","16/01/1941","1.63","72.3","2023-08-06 08:46:14"
"327","Ana Rodríguez","82","07/07/1944","1.6","57.9","2025-01-09 03:12:16"
"328","Miguel García","0","09/05/1968","1.41","67.2","2021-01-07 21:59:54"
"329","Laura Rodríguez","41","09/08/1985","1.88","65.0","2025-02-04 12:05:12"
"330","José Romero","33","28/10/1993","vacio","50.4","2023-12-25 23:04:15"
"331","Carlos Torres","38","30/10/1986","0.3","90.2","2022-11-07 22:14:25"
"332","Lucía Fernández","75","31/10/1950","1.81","55.5","2020-07-09 23:03:20"
"333","Laura Pérez","16","09/04/2009","1.88","52.4","2020-07-17 20:08:32"
"334","Sofía Romero","41","29/04/1983","1.49","89.8","2023-08-11 18:21:14"
"335","Sofía Sánchez","30","20/08/1994","1.88","98.4","2024-08-17 21:56:14"
"336","José Rodríguez","23","07/12/2002","1.87","79.8","2023-04-05 12:34:18"
"337","Pedro López","41","16/03/1985","1.46","64.4","2024-09-05 19:26:19"
"338","Carlos Sánchez","83","22/02/1941","1.43","48.1","2023-03-19 09:07:21"
"339","Pedro Gómez","23","15/12/2001","1.42","89.8","2022-07-07 23:33:39"
"340","José Sánchez","65","25/04/1961","1.73","96.0","2023-07-04 20:06:08"
"341","Juan Gómez","20","19/09/2006","1.83","69.4","2024-02-15 21:25:20"
"342","José Romero","67","16/08/1957","1.49","82.5","2021-05-03 13:44:00"
"343","Juan Sánchez","59","14/01/1965","1.82","45.3","2020-06-12 05:35:46"
"344","Ana Romero","82","24/07/1944","1.73","72.0","2023-07-25 19:07:44"
"345","Lucía López","64","15/09/1986","1.67","67.2","2023-09-21 12:03:13"
"346","Ana Rodríguez","67","07/08/1959","vacio","90.3","2023-11-18 16:13:34"
"347","Lucía Romero","29","22/09/1995","1.56","95.4","2023-03-04 00:53:58"
"348","José Martínez","39","20/02/1986","1.55","80.8","2021-01-28 06:05:40"
"349","José Torres","84","28/08/1940","1.79","92.6","2024-11-17 23:32:26"
"350","María López","83","17/02/1942","0.3","88.7","2022-07-21 09:25:01"
"351","Sofía Sánchez","0","21/06/1980","1.59","51.5","2020-09-16 21:19:16"
"352","Juan Pérez","52","03/02/1972","1.74","78.4","2024-04-11 14:23:08"
"353","Juan García","70","09/01/1954","1.8","91.7","2023-05-05 23:35:26"
"354","Ana Gómez","35","28/08/1989","1.4","77.8","2023-06-02 07:38:52"
"355","Ana Fernández","49","07/01/1977","1.49","78.9","2020-08-10 19:58:59"
"356","Miguel Torres","78","24/07/1946","1.5","76.9","2022-08-18 03:38:33"
"357","Carlos Romero","79","06/04/1946","1.56","81.3","2024-02-01 11:31:02"
"358","Sofía López","84","07/06/1940","1.72","60.2","2023-09-20 17:28:28"
"359","Miguel García","53","08/03/1972","1.49","78.4","2021-07-27 19:36:37"
"360","Lucía Rodríguez","19","22/10/2005","1.85","91.7","2024-07-17 21:28:57"
"361","Lucía Gómez","37","26/06/1989","1.79","65.1","2023-04-06 04:52:28"
"362","Miguel Torres","46","16/10/1985","1.73","91.6","2021-11-10 18:43:08"
"363","Pedro García","72","14/04/1954","1.88","85.5","2022-06-15 17:45:16"
"364","Lucía Pérez","61","19/09/1963","1.66","88.5","2020-07-09 01:27:10"
"365","Ana Pérez","23","19/02/2003","1.82","59.5","2024-03-30 13:18:00"
"366","Laura Pérez","38","09/05/1986","1.58","92.7","2020-01-28 18:16:16"
"367","Pedro García","72","09/11/1954","1.51","55.3","2021-04-29 08:23:11"
"368","Sofía Martínez","22","13/08/2004","vacio","53.9","2020-06-25 04:39:22"
"369","Laura Romero","72","15/06/1954","0.3","54.1","2024-07-18 21:49:18"
"370","Laura Gómez","21","21/07/2004","1.51","78.4","2022-06-17 14:57:20"
"371","Laura López","32","09/04/1992","1.66","54.2","2020-10-08 08:22:02"
"372","Sofía Sánchez","73","11/11/1951","1.85","82.6","2021-12-27 17:19:33"
"373","Laura Romero","83","03/07/1943","1.46","71.5","2020-01-05 23:38:16"
"374","Sofía Torres","47","27/09/1977","1.61","96.6","2023-12-06 21:26:47"
"375","Laura Pérez","47","04/03/1978","1.86","49.6","2022-11-21 06:52:55"
"376","Juan Gómez","35","08/11/1991","2.05","89.2","2024-10-11 23:43:23"
"377","Laura Rodríguez","62","11/06/1963","1.71","99.5","2025-05-30 06:30:25"
"378","Ana Torres","36","13/10/1989","1.79","66.9","2021-05-02 08:21:56"
"379","Miguel López","77","29/12/1948","1.8","78.8","2024-05-12 23:09:05"
"380","Juan Pérez","73","14/01/1953","vacio","57.2","2024-04-23 14:35:13"
"381","Laura Torres","61","13/09/1965","vacio","54.6","2023-03-17 07:05:25"
"382","Juan Romero","39","20/10/1985","1.74","64.8","2020-12-21 10:02:47"
"383","Sofía Martínez","26","29/01/2000","1.41","83.7","2023-11-26 12:39:04"
"384","Carlos Fernández","31","26/05/1994","1.69","59.4","2020-10-23 18:19:11"
"385","Carlos Martínez","75","01/07/1950","1.81","76.6","2025-06-03 08:51:26"
"386","Ana García","25","23/02/2001","1.64","59.2","2022-06-21 08:22:17"
"387","Ana Sánchez","53","05/09/1971","1.53","60.8","2023-11-01 02:46:05"
"388","José López","42","02/10/1982","1.53","97.1","2025-08-05 07:16:10"
"389","Lucía Fernández","61","23/10/1963","1.82","64.6","2020-11-17 17:56:14"
"390","Laura Gómez","16","24/07/2008","1.59","62.3","2023-01-30 17:52:10"
"391","Pedro Torres","61","21/02/1965","vacio","68.3","2023-11-23 14:20:05"
"392","Pedro García","75","19/10/1950","1.4","82.1","2024-01-21 22:18:38"
"393","Carlos López","36","19/03/1989","1.71","65.1","2024-03-04 13:17:31"
"394","Sofía Rodríguez","44","08/06/1980","1.74","89.8","2024-11-05 13:52:03"
"395","Lucía López","18","04/04/2006","1.65","99.8","2023-07-17 17:43:02"
"396","Carlos Rodríguez","34","07/06/1990","1.75","48.3","2021-01-29 16:22:43"
"397","Ana Rodríguez","54","20/05/1972","1.53","46.1","2022-03-25 21:00:09"
"398","Laura Torres","70","29/08/1955","1.74","71.8","2024-04-09 22:20:34"
"399","Carlos García","28","02/09/1996","1.86","68.2","2020-10-19 02:52:49"
"400","Pedro Martínez","66","22/06/1960","1.53","80.5","2024-01-27 21:22:08"
"401","José García","47","20/02/1977","1.52","58.8","2022-05-12 06:04:37"
"402","Sofía Pérez","112","28/07/1948","1.43","87.4","2021-03-01 09:33:20"
"403","Laura López","78","25/07/1947","1.52","60.6","2021-11-29 01:02:24"
"404","Juan Martínez","56","05/03/1969","1.67","60.0","2021-12-26 21:30:41"
"405","Laura García","30","12/08/1996","1.72","74.4","2022-07-19 03:15:38"
"406","Miguel Rodríguez","52","24/10/1972","1.4","89.8","2025-04-05 19:28:56"
"407","Juan García","17","11/10/2007","1.8","77.8","2022-02-11 14:59:27"
"408","José Sánchez","51","01/06/1975","1.59","65.8","2022-09-08 18:48:33"
"409","Laura Rodríguez","61","16/07/1965","1.61","91.9","2025-02-08 22:29:27"
"410","Miguel Rodríguez","0","04/11/2002","1.48","98.3","2023-03-01 09:48:03"
"411","Pedro García","11","25/03/2005","1.65","63.8","2024-03-01 16:52:56"
"412","Juan Martínez","77","13/03/1947","1.79","48.9","2022-10-21 13:53:34"
"413","Juan Pérez","0","29/11/2008","1.62","85.6","2021-01-19 18:58:26"
"414","Lucía García","51","28/11/1974","1.48","85.1","2021-05-15 09:13:22"
"415","Miguel Rodríguez","67","29/10/1957","1.51","51.2","2021-11-16 10:03:08"
"416","Laura Pérez","49","05/07/1975","1.69","83.0","2021-01-01 09:03:20"
"417","Pedro García","77","14/03/1948","1.9","79.4","2021-03-15 04:34:52"
"418","Miguel Fernández","58","31/05/1968","1.8","69.1","2024-01-07 04:54:19"
"419","Carlos Gómez","43","16/07/1983","1.75","55.4","2025-04-02 10:01:27"
"420","Laura Torres","19","21/05/1954","1.81","74.8","2025-09-03 13:48:01"
"421","Pedro Gómez","31","07/08/1995","1.76","81.2","2025-07-30 20:04:41"
"422","Pedro Romero","0","26/05/1965","1.45","81.2","2022-01-01 01:08:19"
"423","Lucía Pérez","41","18/07/1983","1.82","81.2","2022-11-14 01:47:13"
"424","Ana Fernández","30","12/05/1994","1.5","72.0","2020-09-05 13:08:27"
"425","José Sánchez","51","09/02/1973","1.53","47.2","2022-06-03 18:54:49"
"426","María Pérez","20","21/01/2005","1.66","58.7","2024-08-27 03:50:29"
"427","Laura Martínez","26","05/07/2000","1.45","88.6","2021-10-09 19:26:19"
"428","Laura García","55","10/08/1971","1.56","65.4","2023-08-17 22:09:05"
"429","Lucía Romero","38","13/12/1988","1.53","97.9","2020-05-21 10:21:27"
"430","Laura Gómez","0","09/06/1986","0.3","92.1","2023-02-04 20:09:29"
"431","José Torres","33","13/03/1991","1.63","53.6","2022-10-20 08:28:59"
"432","Carlos Rodríguez","78","30/03/1948","1.77","84.8","2021-01-25 21:40:18"
"433","Carlos Gómez","20","24/07/2005","1.43","87.4","2024-09-02 04:23:19"
"434","Lucía Romero","85","09/01/1941","1.55","47.3","2025-08-19 08:02:20"
"435","Pedro Gómez","25","07/06/2000","1.78","76.6","2024-06-03 05:23:20"
"436","Pedro Martínez","79","28/05/1947","0.3","66.9","2021-07-06 17:30:35"
"437","José Fernández","43","08/10/1983","1.71","85.5","2024-10-27 11:46:30"
"438","Laura Pérez","75","04/02/1950","1.5","63.9","2021-11-24 12:43:58"
"439","Laura García","29","28/11/1995","1.52","82.7","2020-12-17 04:05:28"
"440","Juan Fernández","30","18/09/1995","0.3","61.8","2022-05-17 07:25:12"
"441","José Torres","18","26/04/2007","1.9","83.2","2020-06-27 09:18:03"
"442","Pedro Gómez","0","24/06/1965","1.43","81.0","2023-01-16 13:06:54"
"443","María Gómez","60","29/03/1966","1.89","73.0","2025-06-08 21:44:23"
"444","José Pérez","69","21/09/1956","1.76","47.2","2025-06-29 14:19:23"
"445","Pedro Gómez","54","10/02/1971","1.52","98.8","2022-11-21 14:05:47"
"446","Juan Torres","60","19/02/1965","1.73","49.8","2022-07-20 15:11:40"
"447","Lucía Romero","72","14/09/1953","1.56","74.8","2022-04-08 05:01:42"
"448","Carlos Torres","72","18/02/1952","1.68","53.7","2021-04-29 06:42:14"
"449","Ana López","40","24/03/2005","1.61","67.6","2023-01-26 05:31:57"
"450","Lucía Pérez","75","20/10/1951","1.7","78.7","2020-04-16 13:04:49"
"451","María García","74","11/01/1952","1.72","55.1","2021-11-01 07:02:10"
"452","Lucía Gómez","48","27/08/1976","1.88","57.2","2022-04-17 02:24:28"
"453","Pedro García","30","11/05/1995","1.84","68.5","2024-04-07 11:23:32"
"454","Sofía Romero","20","11/08/2006","1.84","88.3","2020-06-22 08:56:47"
"455","José Torres","0","29/06/1975","1.66","79.7","2024-06-18 11:05:18"
"456","Carlos García","72","08/12/1954","1.74","94.7","2021-01-05 18:13:42"
"457","María López","0","11/11/2009","1.6","62.8","2022-04-07 16:33:16"
"458","María Rodríguez","57","27/01/1969","1.76","51.8","2024-01-26 03:06:21"
"459","José Sánchez","0","18/03/2005","1.48","75.3","2023-10-04 20:35:20"
"460","Pedro López","74","21/12/1952","1.55","85.2","2022-01-10 04:16:48"
"461","Pedro Fernández","0","25/04/1940","2.5","74.9","2022-09-01 07:53:46"
"462","Laura García","44","15/09/1980","1.4","93.5","2022-04-30 01:46:51"
"463","Pedro López","80","09/12/1944","1.42","76.8","2020-12-25 01:47:06"
"464","María Sánchez","70","28/12/1955","1.75","77.7","2025-02-08 21:04:46"
"465","Ana Gómez","77","09/05/1948","1.59","48.7","2023-04-14 17:08:30"
"466","Pedro Pérez","23","26/04/2002","1.66","83.3","2020-12-25 17:36:34"
"467","Laura Rodríguez","47","24/04/1978","1.69","79.3","2025-07-26 18:55:18"
"468","Miguel García","0","21/02/1956","1.89","45.1","2021-04-28 07:32:55"
"469","Laura Sánchez","44","22/02/1977","1.72","45.6","2020-10-04 11:12:20"
"470","Carlos Torres","35","05/05/1989","1.57","66.8","2021-12-20 07:03:50"
"471","Ana Martínez","25","30/04/2000","1.72","71.5","2023-10-04 16:50:16"
"472","Sofía Gómez","40","30/09/1986","1.68","46.0","2023-12-19 02:24:38"
"473","Pedro Rodríguez","83","18/10/1942","1.82","76.4","2023-06-16 11:27:02"
"474","Juan Rodríguez","112","16/02/1977","1.63","97.3","2021-04-04 13:37:29"
"475","Juan Fernández","76","22/04/1948","1.85","53.5","2023-06-25 11:55:04"
"476","Pedro Pérez","38","22/04/1986","1.42","66.3","2023-06-27 01:36:11"
"477","Laura Pérez","0","25/11/1969","1.78","86.0","2022-05-09 11:40:58"
"478","Lucía Fernández","60","16/09/1965","1.74","60.0","2021-02-23 07:31:16"
"479","José Martínez","35","14/04/1989","1.8","76.6","2023-10-19 19:40:54"
"480","Miguel Gómez","115","02/09/1951","1.45","48.0","2024-12-31 22:26:21"
"481","Ana Rodríguez","57","24/10/1969","1.8","49.3","2021-06-23 03:22:58"
"482","Miguel Pérez","46","14/11/1980","1.63","57.7","2022-11-22 13:13:58"
"483","Sofía López","0","06/10/2002","1.84","69.9","2023-12-10 17:25:37"
"484","Miguel López","61","28/04/1965","1.65","67.3","2020-10-17 10:59:59"
"485","José García","49","16/12/1975","1.67","98.6","2024-10-31 15:51:02"
"486","Laura Martínez","36","07/11/1988","1.44","96.2","2025-03-11 11:50:47"
"487","José Pérez","46","10/12/1979","1.45","89.8","2025-07-17 23:29:00"
"488","Juan Pérez","67","10/07/1959","1.72","45.0","2023-04-08 14:11:55"
"489","Laura Romero","46","12/02/1980","1.55","88.7","2024-11-15 12:32:03"
"490","María Romero","86","23/09/1940","1.46","61.2","2020-08-05 00:01:50"
"491","José Martínez","75","03/11/1949","1.75","66.7","2024-04-11 15:50:41"
"492","José Fernández","25","08/06/1999","1.59","95.8","2021-05-29 04:53:20"
"493","Juan Pérez","92","03/03/1998","1.73","98.6","2024-08-30 16:36:12"
"494","Laura Sánchez","31","30/11/1995","1.81","66.2","2020-01-31 21:02:31"
"495","Miguel Fernández","0","21/11/2003","1.69","46.8","2024-02-18 04:07:12"
"496","Laura García","93","12/12/2001","1.89","99.1","2020-11-16 19:03:17"
"497","Laura Pérez","65","31/12/1961","1.73","82.6","2020-08-04 12:30:29"
"498","José Gómez","43","23/01/1982","1.57","64.4","2021-11-17 01:17:10"
"499","Laura Rodríguez","20","21/03/2005","1.64","54.3","2020-04-21 10:26:33"
"500","Miguel Pérez","74","18/05/1951","1.71","60.1","2021-12-16 21:32:44"
"501","Pedro García","52","04/03/1973","vacio","54.9","2020-12-11 05:16:54"
"502","Laura López","41","29/06/1984","1.52","69.2","2023-11-14 01:58:40"
"503","Carlos Pérez","81","17/09/1944","1.64","97.2","2024-05-16 17:16:45"
"504","Carlos López","37","03/08/1987","1.8","66.0","2020-06-17 03:32:41"
"505","José Martínez","48","26/09/1978","1.57","59.7","2024-05-21 16:47:18"
"506","Lucía Romero","0","14/02/2009","vacio","62.2","2020-10-05 00:26:07"
"507","Sofía Pérez","0","14/02/1987","1.76","58.9","2020-08-20 21:37:54"
"508","Lucía Romero","27","30/03/1997","1.7","65.7","2022-01-26 04:02:08"
"509","Pedro Rodríguez","58","05/06/1966","1.86","60.2","2023-08-17 09:22:09"
"510","Pedro Pérez","61","16/11/1964","1.9","59.2","2020-10-11 17:54:10"
"511","Lucía Romero","50","23/03/1975","1.67","68.7","2024-12-13 09:25:47"
"512","María Gómez","93","17/07/1946","1.62","94.3","2020-06-03 14:13:01"
"513","Carlos López","23","21/10/2002","1.66","96.7","2020-10-14 19:39:55"
"514","Lucía Gómez","51","27/06/1974","1.67","99.5","2020-08-14 23:01:13"
"515","María Martínez","38","18/12/1987","1.63","87.2","2020-06-10 13:59:13"
"516","Lucía Rodríguez","22","06/06/2002","1.58","49.7","2021-07-27 01:17:59"
"517","Lucía Gómez","20","27/07/2004","1.43","74.7","2025-01-14 00:35:51"
"518","Juan Martínez","81","10/01/1945","0.58","81.7","2021-09-02 21:05:36"
"519","Lucía Pérez","0","23/04/1943","1.64","95.5","2021-06-18 00:31:22"
"520","Pedro Gómez","57","28/07/1967","1.49","77.5","2025-07-29 21:39:44"
"521","Laura Fernández","80","29/08/1945","1.82","85.6","2021-07-16 11:42:31"
"522","Lucía Gómez","31","17/03/1993","1.47","67.8","2024-12-01 08:52:14"
"523","Laura Gómez","108","19/12/1951","1.59","53.7","2020-01-30 06:31:56"
"524","María Romero","60","15/06/1965","1.5","80.2","2021-12-15 22:13:44"
"525","Juan Romero","70","24/02/1956","vacio","88.0","2022-08-23 06:59:13"
"526","María Torres","78","01/08/1948","1.63","79.5","2021-04-06 05:25:58"
"527","Miguel García","69","26/10/1955","1.58","56.5","2025-01-30 01:34:37"
"528","María Gómez","36","17/03/1988","1.46","94.2","2023-08-28 15:15:27"
"529","Lucía Martínez","65","21/08/1960","1.52","67.7","2020-10-28 17:08:53"
"530","Laura García","80","15/11/1944","1.7","54.8","2022-03-06 23:00:40"
"531","Ana Rodríguez","66","21/02/1958","1.43","52.5","2021-12-02 12:30:33"
"532","Lucía Rodríguez","32","25/02/1994","1.85","76.8","2024-08-13 18:59:49"
"533","Miguel Fernández","32","26/01/1993","1.77","85.5","2022-06-29 21:32:44"
"534","Pedro Romero","84","15/06/1940","1.54","46.8","2021-02-05 16:28:22"
"535","Miguel Fernández","77","15/06/1947","1.6","57.0","2021-01-06 00:34:47"
"536","Miguel Rodríguez","72","07/07/1954","1.41","70.0","2024-07-18 06:44:01"
"537","Ana García","0","24/02/2003","1.85","63.3","2023-01-10 22:18:01"
"538","José Romero","66","01/08/1958","1.57","96.3","2024-01-30 01:52:38"
"539","María Sánchez","52","18/10/1972","1.49","75.7","2022-04-18 05:02:21"
"540","Ana Fernández","37","30/05/1988","1.78","92.9","2022-07-12 11:40:03"
"541","Ana Rodríguez","40","05/03/1985","1.59","69.9","2025-04-09 19:21:57"
"542","José Rodríguez","46","19/07/1980","1.8","96.7","2025-02-18 03:10:43"
"543","María Sánchez","68","16/01/1956","1.54","83.3","2020-04-02 10:40:26"
"544","Sofía Torres","74","05/11/1951","1.72","61.0","2022-08-09 18:55:07"
"545","Ana Sánchez","35","01/12/1991","1.64","81.6","2025-02-18 11:04:16"
"546","Laura López","15","25/10/2010","1.59","60.8","2023-03-10 16:35:59"
"547","Pedro Romero","71","04/06/1954","1.49","83.9","2021-10-22 08:39:42"
"548","María Gómez","0","28/05/1968","1.49","75.9","2023-11-09 05:23:11"
"549","Ana García","38","07/06/1988","1.86","67.3","2025-02-19 11:39:31"
"550","Pedro Gómez","20","03/04/2006","1.75","71.1","2021-08-25 20:34:46"
"551","Miguel Martínez","24","28/10/2001","1.47","75.3","2022-06-21 16:14:14"
"552","Ana Pérez","82","12/04/1969","1.66","88.0","2020-12-08 19:36:10"
"553","Miguel Pérez","40","30/11/1985","1.7","96.9","2021-08-28 15:34:11"
"554","Ana Sánchez","44","12/06/1973","1.89","93.1","2024-12-24 15:07:54"
"555","Miguel Rodríguez","71","11/09/1954","1.61","91.0","2023-05-27 17:16:48"
"556","José Martínez","81","06/12/1945","1.44","67.5","2025-03-07 20:40:37"
"557","Pedro Fernández","69","08/09/1956","1.42","90.4","2025-03-13 08:10:28"
"558","Juan Gómez","73","26/10/1953","1.64","81.0","2025-07-07 23:28:33"
"559","Lucía Gómez","75","16/09/1950","1.43","86.0","2022-11-22 22:51:52"
"560","Miguel Pérez","53","25/06/1973","0.96","48.2","2021-07-08 13:00:43"
"561","Pedro Gómez","62","17/06/1964","1.58","60.9","2022-03-04 22:51:57"
"562","Pedro Pérez","33","19/09/1993","1.56","91.5","2024-01-24 03:29:21"
"563","José Romero","53","19/07/1971","1.54","87.8","2021-10-29 03:43:44"
"564","Lucía López","39","27/02/1985","1.68","82.9","2021-04-11 15:11:42"
"565","Miguel Pérez","74","16/06/1950","1.56","64.9","2023-11-02 06:16:11"
"566","Carlos Gómez","18","15/10/2006","1.75","82.8","2020-11-17 15:28:00"
"567","María Pérez","84","08/09/1941","0.55","73.2","2022-11-02 01:34:32"
"568","María Rodríguez","12","22/11/1999","1.86","56.3","2023-12-10 01:03:55"
"569","María López","20","11/12/2006","1.48","72.5","2020-10-06 03:36:29"
"570","Laura Gómez","0","11/06/1987","1.49","86.5","2022-05-26 18:21:25"
"571","Miguel Martínez","23","19/08/2002","1.45","90.9","2022-07-21 14:50:22"
"572","María Martínez","75","02/02/1951","vacio","83.8","2023-09-05 17:58:31"
"573","María Sánchez","61","11/06/1965","1.89","69.4","2024-10-18 06:52:24"
"574","María García","24","04/12/2000","1.65","50.8","2020-12-14 04:20:26"
"575","Pedro Sánchez","49","10/12/1975","1.85","54.3","2022-03-31 21:39:42"
"576","Sofía Pérez","66","21/11/1960","1.78","87.1","2024-06-27 12:57:54"
"577","Miguel Romero","50","13/04/1976","1.78","50.9","2021-07-05 01:04:55"
"578","María Gómez","78","13/02/1946","1.59","82.4","2021-01-29 02:47:09"
"579","José García","45","22/10/1981","1.65","74.8","2020-03-13 01:09:01"
"580","Sofía Pérez","51","01/06/1974","1.42","54.7","2021-11-03 17:53:39"
"581","Sofía López","57","12/01/1968","1.68","72.0","2025-04-08 17:19:38"
"582","José López","33","16/06/1985","1.89","78.9","2023-08-05 02:14:10"
"583","Juan Romero","81","18/01/1944","1.77","46.5","2021-02-02 15:35:18"
"584","Ana Martínez","50","15/12/1976","1.52","62.2","2023-06-02 04:10:03"
"585","Ana López","83","07/10/1941","1.83","76.2","2025-04-07 21:24:28"
"586","Juan Martínez","52","20/11/1973","1.8","50.5","2025-08-21 12:21:44"
"587","Pedro Romero","59","14/11/1966","1.72","98.6","2022-05-26 10:27:44"
"588","Carlos Gómez","59","03/09/1966","1.71","97.7","2023-10-11 09:57:10"
"589","María Romero","37","23/08/1987","1.44","90.3","2023-07-07 07:17:04"
"590","Sofía Sánchez","63","17/07/1962","1.67","93.4","2022-02-03 21:00:08"
"591","Miguel Fernández","27","14/04/1999","1.53","80.1","2024-11-11 20:36:42"
"592","Juan Torres","67","31/12/1957","1.77","87.1","2020-09-20 23:04:50"
"593","Lucía Sánchez","63","12/12/1963","1.74","58.0","2020-04-23 08:56:29"
"594","Carlos García","42","19/07/1983","vacio","56.1","2023-02-11 23:58:53"
"595","José López","29","20/10/1997","1.41","92.3","2020-09-17 14:49:07"
"596","Ana Pérez","51","10/08/1975","1.52","76.4","2022-10-28 18:04:30"
"597","María Fernández","32","23/10/1993","1.69","66.4","2024-09-28 07:56:14"
"598","Pedro Pérez","70","18/09/1955","1.53","77.4","2021-04-07 11:31:22"
"599","José Sánchez","43","08/08/1982","1.87","65.0","2020-03-27 23:29:53"
"600","Laura Gómez","18","04/05/2006","1.79","58.2","2024-01-26 04:26:37"
"601","José Fernández","46","09/09/1979","1.86","61.5","2023-05-03 07:39:35"
"602","Pedro García","30","22/08/1996","1.42","92.7","2025-04-13 15:02:07"
"603","Ana Sánchez","77","02/01/1949","1.43","68.1","2023-08-31 16:30:09"
"604","Juan Gómez","29","16/07/1997","1.72","45.2","2020-12-02 04:02:06"
"605","Pedro Fernández","40","29/04/1986","1.82","82.7","2025-05-13 04:51:39"
"606","Carlos López","24","03/09/2001","1.5","67.8","2022-07-08 00:45:17"
"607","Juan Torres","26","20/01/1998","1.89","55.9","2024-06-30 22:30:03"
"608","Sofía Romero","62","04/05/1963","1.68","45.8","2025-02-01 17:59:29"
"609","María Fernández","21","07/01/2004","1.65","52.2","2023-03-05 06:53:40"
"610","Sofía López","48","25/08/1976","1.53","79.0","2025-02-19 03:07:17"
"611","Juan García","75","13/12/1951","1.51","66.1","2020-10-26 03:28:08"
"612","José Gómez","80","03/09/1944","1.58","78.4","2020-07-05 00:11:42"
"613","Carlos Torres","0","04/08/1995","1.47","94.1","2021-11-26 18:20:27"
"614","Miguel Martínez","44","29/12/1981","1.62","59.3","2025-08-06 10:13:51"
"615","Ana Sánchez","60","19/05/1965","1.78","59.5","2023-07-16 17:53:12"
"616","Pedro Torres","0","24/12/1998","1.47","57.6","2025-03-28 15:53:23"
"617","María García","83","29/08/1943","1.63","51.2","2023-12-02 03:24:25"
"618","Lucía Rodríguez","70","16/03/1956","1.54","94.0","2020-01-17 19:09:05"
"619","Laura López","0","11/05/1977","1.74","93.8","2021-05-14 14:21:04"
"620","Ana Romero","75","07/07/1949","1.52","81.3","2020-01-24 11:59:38"
"621","Juan Romero","46","25/08/1980","1.85","88.8","2023-03-04 11:45:58"
"622","Juan Pérez","36","01/02/1989","1.53","58.2","2020-03-25 07:34:52"
"623","Pedro Sánchez","17","06/12/2009","1.73","51.6","2023-06-24 21:58:23"
"624","Pedro Martínez","47","15/09/1999","1.64","93.7","2024-09-28 03:17:05"
"625","Sofía Martínez","31","27/01/1995","1.42","63.8","2021-09-27 18:02:02"
"626","José Torres","78","14/07/1947","1.8","61.5","2023-05-15 09:03:11"
"627","José Sánchez","60","05/07/1966","1.42","50.9","2022-11-03 12:56:30"
"628","Carlos Romero","77","03/05/1947","1.73","54.9","2020-12-07 15:09:18"
"629","Carlos Martínez","34","05/09/1992","1.8","63.8","2022-05-14 06:44:19"
"630","María Romero","0","07/04/1963","1.41","66.7","2025-02-27 14:44:56"
"631","Laura García","59","02/03/1967","1.74","83.0","2021-05-27 04:55:09"
"632","Juan Fernández","76","15/01/1950","1.83","56.5","2024-11-19 22:47:38"
"633","José Fernández","78","22/09/1947","1.61","51.4","2024-12-28 17:39:36"
"634","Miguel Gómez","44","29/04/1980","1.81","66.5","2024-11-03 15:08:04"
"635","Miguel Romero","32","15/06/1993","1.35","77.5","2025-06-21 08:26:36"
"296","José López","81","20/11/1945","1.79","73.8","2022-04-02 02:05:53"
"450","lucía pérez","75","20/10/1951","1.7","78.7","2020-04-16 13:04:49"
"107","juan pérez","19","08/12/2006","1.57","65.4","2020-12-13 01:54:55"
"469"," LAURA SÁNCHEZ ","44","22/02/1977","1.72","45.6","2020-10-04 11:12:20"
"544","SOFÍA TORRES","74","05/11/1951","1.72","61.0","2022-08-09 18:55:07"
"525","Juan R0mer0","70","24/02/1956","vacio","88.0","2022-08-23 06:59:13"
"410","miguel rodríguez","0","04/11/2002","1.48","98.3","2023-03-01 09:48:03"
"428","Laura García","55","10/08/1971","1.56","65.4","2023-08-17 22:09:05"
"150"," Lucía Torres ","61","15/08/1964","1.45","80.3","2021-12-02 23:59:01"
"591"," MIGUEL FERNÁNDEZ ","27","14/04/1999","1.53","80.1","2024-11-11 20:36:42"
"158","LAURA TORRES","68","18/06/1957","1.65","87.0","2021-05-01 04:41:04"
"178"," LAURA FERNÁNDEZ ","66","29/08/1959","1.77","78.3","2025-04-12 19:34:13"
"319","MIGUEL LÓPEZ","76","30/01/1948","1.45","59.1","2023-04-27 09:36:59"
"320","MIGUEL GÓMEZ","76","14/12/1948","1.58","82.2","2020-07-06 00:21:07"
"528"," MARÍA GÓMEZ ","36","17/03/1988","1.46","94.2","2023-08-28 15:15:27"
"342","JOSÉ ROMERO","67","16/08/1957","1.49","82.5","2021-05-03 13:44:00"
"563","josé romero","53","19/07/1971","1.54","87.8","2021-10-29 03:43:44"
"263","Carlos García","61","10/10/1963","vacio","90.5","2023-09-04 05:24:01"
"483"," SOFÍA LÓPEZ ","0","06/10/2002","1.84","69.9","2023-12-10 17:25:37"
"498","J0sé Gómez","43","23/01/1982","1.57","64.4","2021-11-17 01:17:10"
